,Rank,Category,Score
0,1,public speaking,41.41602634467618
1,2,veganism,40.62552742616034
2,3,technology,40.59391304347826
3,4,healthy eating,40.47966231772832
4,5,food,40.21639898562975
